id;cpf;data_nascimento;telefone;rua;numero;bairro;cep
1;holistic Travessa;2022-10-12;Paulo;Customer explicit deposit;Lúcia Architect;Human Bahamian;Account Licenciado
2;neural-net Plástico Minas;2022-10-12;deposit Web;Pataca Consultant Licenciado;Livros experiences International;Bangladesh connecting;Madeira Account Multi-tiered
3;deposit channels;2022-10-12;Sabonete Orchestrator;hybrid;Sergipe groupware;Madeira Alameda;innovative
4;Atum;2022-10-12;extend input;payment invoice generating;cultivate;Norte;deploy Aço Livros
5;compelling;2022-10-12;Berkshire Mouse Bedfordshire;Mauritânia Salsicha THX;1080p;Market Impressionante Realigned;esmeralda Congelado
6;Lituânia;2022-10-11;envisioneer Incrível;Lustroso reboot Marginal;Refinado Música reboot;upXXX;Forward District
7;Goiás;2022-10-12;Carro Chief;Turquia;monetize leverage;quantify Factors Naira;Ergonômico Principal
8;frictionless Bulgária púrpura;2022-10-12;Alameda online Applications;Toalhas Genérico input;Genérico;Checking Equador;Loan Factors
9;Travessa;2022-10-11;Internal;indexing Irlanda;Aço emulation;Factors;AccountXXX
10;Gerais Plástico;2022-10-12;marca Implementation payment;Brinquedos;connecting Inteligente portal;Checking initiatives;scalableXX
